{
  "project_info": {
    "project_number": "789357437519",
    "firebase_url": "https://onetouch-1212.firebaseio.com",
    "project_id": "onetouch-1212",
    "storage_bucket": "onetouch-1212.appspot.com"
  },
  "client": [
    {
      "client_info": {
        "mobilesdk_app_id": "1:789357437519:android:076167c0f6f6b6d0",
        "android_client_info": {
          "package_name": "com.eventer.app"
        }
      },
      "oauth_client": [
        {
          "client_id": "789357437519-2d1b4s7s18ks3sivtuvf8tnv329qan2e.apps.googleusercontent.com",
          "client_type": 3
        }
      ],
      "api_key": [
        {
          "current_key": "AIzaSyBPODwQDkgE9aUnYTms_U7SlYySS81uBH0"
        }
      ],
      "services": {
        "analytics_service": {
          "status": 1
        },
        "appinvite_service": {
          "status": 1,
          "other_platform_oauth_client": []
        },
        "ads_service": {
          "status": 2
        }
      }
    }
  ],
  "configuration_version": "1"
}